FID,OTC_code,X_UTMWGS84,Y_UTMWGS84,D_0_15,D_15_30,D_30_50,D_50_100,TC,Band_1,Band_2,Band_3,Band_4,Band_5,Band_6,Band_7,Band_8,Band_8A,Band_11,Band_12,RVI,NDVI,GNDVI,NDI45,SAVI,EVI2,IRECl,MCARI,BI,RI,CI
0,QN11,812634.9379,2384108.035,18.43,19.15,0,0,37.58,0.056205001,0.051061898,0.075243697,0.043142799,0.088368297,0.248811007,0.309771001,0.314442009,0.344449013,0.0781921,0.0257158,7.288400173,0.758699,0.61382401,0.343890995,0.474528998,0.478318006,0.750723004,0.00192663,0.043367401,0.000140051,-0.271153003
1,QN08,811597.4586,2383149.391,20.62,9.85,35.36,70.89,136.72,0.0544459,0.049436402,0.071289703,0.043983001,0.081957102,0.201434001,0.239231005,0.240586996,0.262082994,0.077776201,0.031238399,5.46999979,0.690881014,0.542833984,0.301524997,0.375882,0.365123987,0.479878992,0.00136101,0.041882899,0.00013791,-0.236886993
2,QN09,813773.2944,2382279.377,16.84,8.95,15.9,54.11,95.8,0.0668796,0.068618901,0.081562698,0.060644299,0.092876397,0.161672994,0.184835002,0.193954006,0.205842003,0.089836203,0.043906,3.198220015,0.523608029,0.407929003,0.209952995,0.264993995,0.248805001,0.216183007,0.000965978,0.050818801,0.000299966,-0.147098005
3,QN10,813850.4687,2382802.355,23.85,20.94,26.9,0,71.69,0.063229002,0.0855444,0.100988999,0.058369402,0.094180897,0.206751004,0.250882,0.27273199,0.265727997,0.093058303,0.039792001,4.672520161,0.647423029,0.459551007,0.234751999,0.386889011,0.379316986,0.422612011,0.00133122,0.0583217,0.000344067,-0.267441988
4,QN03,815005.1329,2381114.764,20.48,16.73,16.69,62.57,116.47,0.0544459,0.0551221,0.074584998,0.0493818,0.081719503,0.179550007,0.216543004,0.203044996,0.245875999,0.081311502,0.0321046,4.111750126,0.608744025,0.46270299,0.246663004,0.306335986,0.290686011,0.36727801,0.000999588,0.0447255,0.00018188,-0.203306004
5,QN07,811606.4788,2381665.334,42.81,9.24,0,0,52.05,0.0608899,0.058501601,0.079983801,0.061362501,0.102238998,0.220027,0.259663999,0.252954006,0.286720991,0.100125,0.0483444,4.122290134,0.609549999,0.519527018,0.249855995,0.352919012,0.342072994,0.426759988,0.00148897,0.050405301,0.000301168,-0.131742999
6,QN04,814109.0594,2380904.445,17.97,20.55,34.14,0,72.66,0.0518049,0.052280501,0.0723444,0.043382902,0.081957102,0.198541999,0.241319999,0.239898995,0.260688007,0.076424398,0.0263655,5.529819965,0.693713009,0.536616027,0.30775699,0.376332998,0.365539014,0.479506999,0.00141381,0.042177599,0.000136158,-0.250256985
7,QN05,814067.4769,2380593.277,14.8,15.96,29.79,32.1,92.65,0.051658101,0.0543104,0.073926099,0.0461431,0.080650397,0.174098,0.2086,0.214082003,0.228891,0.067896202,0.0254992,4.639520168,0.645359993,0.48663801,0.272154003,0.331360012,0.316906989,0.350690991,0.00114435,0.0435725,0.000157402,-0.231391996
8,QN06,812708.6774,2379982.026,11.45,27.87,0,0,39.32,0.051658101,0.052551199,0.073662497,0.045543101,0.081482001,0.185461,0.221064001,0.199478999,0.239750996,0.069352403,0.0254992,4.380000114,0.628252983,0.46062699,0.282927006,0.309928,0.294043988,0.399502009,0.0012354,0.043302301,0.000152789,-0.235890001
9,QN01,813523.1458,2378901.384,20.87,19.96,12.51,0,53.34,0.051951699,0.046861,0.066275999,0.038339399,0.081125602,0.233625993,0.281471997,0.275472999,0.314397991,0.080375701,0.026148999,7.185100079,0.755653977,0.612136006,0.358148009,0.437079012,0.433519989,0.700174987,0.00170358,0.038283199,9.74199E-05,-0.267040998
10,QN02,812218.7849,2379154.377,21.2,23.66,33.8,0,78.66,0.046808802,0.044147901,0.066936001,0.0365372,0.079581097,0.238001004,0.28847301,0.291557997,0.324638009,0.078296103,0.0249578,7.979750156,0.777276993,0.626571,0.370689988,0.461941004,0.462246001,0.753458023,0.00174392,0.0381294,8.93575E-05,-0.293783993
11,QN21,789892.076,2378472.689,12.03,9.78,18.79,47.08,87.68,0.038783699,0.039850902,0.061464202,0.035345498,0.0790326,0.197396994,0.220230997,0.235530004,0.234966993,0.0635726,0.0222403,6.663640022,0.739027977,0.586090982,0.381954014,0.38952601,0.379034013,0.461780995,0.00175506,0.0354512,7.67873E-05,-0.269795001
12,QN22,789990.9246,2377794.295,27.96,30.95,22.53,64.45,145.89,0.034711398,0.036445901,0.062887102,0.038330302,0.087747999,0.187969998,0.212305993,0.238555998,0.240779996,0.0794999,0.032604601,6.223680019,0.723133028,0.582759023,0.391959995,0.386592001,0.376208991,0.372684002,0.00219639,0.036823899,9.23946E-05,-0.242614001
13,QN23,789571.1726,2377185.303,14.81,6.47,8.69,0,29.97,0.037207998,0.040701699,0.062175699,0.043855902,0.079825103,0.166290998,0.196761996,0.194584996,0.201397002,0.063471802,0.024291599,4.436910152,0.632143974,0.515690982,0.290823013,0.30617699,0.289898992,0.318533003,0.00116682,0.038043201,0.000119585,-0.172776997
14,QN24,789055.7991,2376877.357,13.56,14.78,20.35,21.38,70.07,0.034974299,0.037905499,0.059092101,0.040982898,0.070878401,0.141996995,0.163338006,0.175155997,0.170448005,0.047543701,0.017058101,4.273869991,0.620772004,0.495474011,0.267255008,0.281033993,0.263390988,0.245125994,0.000823269,0.035956498,9.92509E-05,-0.180956006
15,QN25,788668.0424,2376156.273,19.05,11.02,12.08,24.23,66.38,0.037733302,0.043253001,0.0647837,0.054016098,0.086955898,0.176965997,0.202291995,0.208726004,0.219768003,0.0728468,0.029041899,3.864150047,0.588828027,0.526278973,0.233661994,0.304250985,0.288991004,0.301759988,0.000938958,0.042174298,0.000189022,-0.090636499
16,QN16,802219.1854,2375551.2,9.44,11.57,14.48,37.98,73.47,0.041014299,0.036567502,0.054938599,0.034792598,0.066912897,0.173932999,0.187575996,0.196942002,0.206705004,0.059439398,0.024831399,5.660459995,0.699720025,0.563772976,0.315815985,0.332394004,0.316588014,0.397141993,0.000954788,0.032514501,6.65046E-05,-0.224515006
17,QN18,804325.4411,2375076.722,11.63,12.1,13.4,24.56,61.69,0.036025699,0.0342554,0.062531397,0.031364501,0.085032098,0.222846001,0.259600013,0.285362989,0.28846401,0.068411298,0.023212001,9.098310471,0.801946998,0.640515983,0.461075991,0.466493994,0.466690987,0.598142982,0.0026387,0.0349782,6.1514E-05,-0.331930995
18,QN19,804603.5346,2375143.947,13.38,23.6,34.08,0,71.06,0.040489599,0.038148701,0.056600299,0.037998699,0.066346303,0.152236998,0.167728007,0.179425001,0.181992993,0.054499701,0.022456201,4.721859932,0.650462985,0.520386994,0.27167201,0.29569599,0.278261006,0.297674,0.00074833,0.034086298,8.17253E-05,-0.196637005
19,QN20,805489.7775,2374560.767,12.07,12.19,14.74,15.65,54.65,0.037602,0.040093999,0.064546697,0.0406514,0.0865032,0.181345999,0.199162006,0.207940996,0.205684006,0.052987501,0.0181378,5.11522007,0.67294699,0.526241004,0.360599011,0.335207999,0.320354015,0.332302004,0.00190104,0.038140599,0.000106666,-0.227146
20,QN26,788352.5713,2375079.126,27.41,12.03,11.78,0,51.22,0.036682598,0.042038299,0.060634099,0.0434139,0.073823497,0.150886998,0.169295996,0.176166996,0.177702993,0.052281801,0.0186776,4.05783987,0.604574978,0.487890005,0.25938499,0.276730001,0.259209991,0.257288009,0.000844526,0.0372869,0.000114281,-0.165501997
21,QN27,787383.6452,2374819.038,27.3,23.79,35.8,48.87,135.76,0.0365512,0.0318201,0.045315702,0.030479601,0.067932703,0.162131995,0.196866006,0.219495997,0.203949004,0.090890497,0.0519295,7.20138979,0.75613898,0.657751024,0.380573004,0.378044993,0.365559995,0.397107989,0.00123332,0.027306199,4.20986E-05,-0.195739001
22,QN13,803537.8737,2373926.319,16.16,14.45,15.17,33.28,79.06,0.037602,0.0368108,0.058380201,0.036782701,0.073936798,0.160670996,0.182771996,0.178076997,0.183320999,0.057725601,0.023751801,4.841310024,0.657611012,0.506208003,0.335568994,0.296478987,0.278937995,0.317247003,0.00126483,0.0345008,7.89866E-05,-0.226953
23,QN14,803215.9646,2373527.322,22.98,14.7,21.74,38.87,98.29,0.033922601,0.037662301,0.0561256,0.033133999,0.071784697,0.187408999,0.224609002,0.199747995,0.230887994,0.0582297,0.0217005,6.028510094,0.715444982,0.56130302,0.368387014,0.341012001,0.325603992,0.499884009,0.00137283,0.032588098,6.1618E-05,-0.257582009
24,QN15,802444.0845,2374349.537,13.48,9.89,18.62,35.08,77.07,0.034974299,0.038392,0.058024298,0.035124298,0.070991702,0.184040993,0.205109,0.213887006,0.217318997,0.059842601,0.023212001,6.089429855,0.717890024,0.573212028,0.338001013,0.357997,0.344255,0.440672994,0.00119345,0.033913601,7.15856E-05,-0.245842993
25,QN17,805035.8567,2373925.343,14.95,14.14,17.69,49.98,96.76,0.033922601,0.0357159,0.0588548,0.032249201,0.081523202,0.203791007,0.242216006,0.25513801,0.256478995,0.065487899,0.0229961,7.911459923,0.775569975,0.625119984,0.433093011,0.424611002,0.418166995,0.524870992,0.00220454,0.033555601,6.12098E-05,-0.292035013
26,QN12,803931.8914,2372691.131,17.95,17.54,19.55,44.24,99.28,0.031028301,0.035229102,0.0611085,0.033133999,0.080164798,0.195602,0.227422997,0.246848002,0.235578999,0.059540201,0.018785501,7.450009823,0.763314009,0.603136003,0.415104985,0.410999,0.402817994,0.474063009,0.00203265,0.034756701,6.70885E-05,-0.296835989
27,QN33,782005.2265,2369846.559,17.01,21.97,11.08,18.53,68.59,0.040358402,0.0431315,0.062412798,0.0434139,0.078919403,0.146835998,0.160307005,0.167290002,0.172695994,0.050971299,0.020297,3.853379965,0.587916017,0.456577986,0.290235996,0.261451006,0.243567005,0.217489004,0.00114342,0.0380136,0.000117634,-0.179528996
28,QN31,784127.4641,2368792.769,11.23,24.89,14.53,0,50.65,0.0365512,0.041795298,0.06182,0.0405409,0.075522304,0.166516006,0.189036995,0.191216007,0.201295003,0.061657201,0.023751801,4.716639996,0.650143981,0.51137501,0.301400006,0.308863997,0.292344004,0.327414006,0.00112784,0.036963701,0.000101605,-0.207883
29,QN32,783652.6679,2369171.281,16.32,14.39,23.56,62.49,116.76,0.0492655,0.050533298,0.072246201,0.065491103,0.089558303,0.144473001,0.161457002,0.158186004,0.165950999,0.050668899,0.0227801,2.415380001,0.414413989,0.372951001,0.155222997,0.192132995,0.176176995,0.154808998,0.000495897,0.048756,0.00030987,-0.049043
30,QN34,781132.2456,2369116.322,8.72,5.43,0,0,14.15,0.0501808,0.065054096,0.0928104,0.108423002,0.123233996,0.150548995,0.161770001,0.142554998,0.165747002,0.112360001,0.070066497,1.314810038,0.135995999,0.211352006,0.063933201,0.068175398,0.0608299,0.065171599,0.000129235,0.071360603,0.00109104,0.077585697
31,QN35,778486.1509,2369162.247,14.58,8.49,13.51,28.79,65.37,0.036025699,0.039729301,0.063242801,0.046396799,0.090010799,0.184153005,0.207820997,0.223533005,0.225481004,0.095527202,0.044804201,4.817860126,0.656230986,0.55893898,0.319732994,0.345102012,0.331743985,0.330258012,0.00166869,0.039218299,0.00013614,-0.153649002
32,QN50,747029.5666,2353008.505,20.21,20.44,0,0,40.65,0.033922601,0.035959199,0.0539889,0.036451001,0.072237797,0.168313995,0.191646993,0.164706007,0.203540996,0.055104598,0.020620899,4.518539906,0.637584984,0.506262004,0.329259008,0.274378002,0.256060988,0.361607999,0.00115008,0.032570999,7.17339E-05,-0.193917006
33,QN51,748236.091,2353422.343,14.17,19.86,14.46,0,48.49,0.031423099,0.033281501,0.0529202,0.028267199,0.074842803,0.216011003,0.248670995,0.25592199,0.257804006,0.065689497,0.0228881,9.053689957,0.801068008,0.657299995,0.451707989,0.435460001,0.429939002,0.636129022,0.00196508,0.029998301,4.22851E-05,-0.303656012
34,QN41,751578.4781,2351506.827,6.32,14.26,0,0,20.58,0.0436363,0.037662301,0.054345001,0.0537953,0.080730803,0.168090001,0.194986999,0.179087996,0.208950996,0.082524002,0.037462801,3.329050064,0.538004994,0.534384012,0.200224996,0.256437004,0.239436999,0.293976009,0.000583377,0.038233899,0.000157271,-0.00508321
35,QN52,747951.1142,2351611.144,19.18,0,21.16,0,40.34,0.0312915,0.031332899,0.055769499,0.031475101,0.0799383,0.204799995,0.236487001,0.255026013,0.258720994,0.069620997,0.025911,8.102490425,0.780279994,0.64111799,0.434985995,0.426353008,0.420029998,0.525236011,0.00211443,0.032019202,5.52497E-05,-0.278463989
36,QN37,750499.6858,2350260.79,39.71,23.77,23.99,0,87.47,0.040489599,0.045317098,0.068338402,0.060527399,0.0865032,0.128711998,0.139700994,0.132317007,0.141821995,0.043611899,0.019541301,2.186079979,0.372269005,0.318850011,0.17667,0.155423999,0.140479997,0.117804997,0.000580377,0.045644499,0.000250362,-0.0606138
37,QN38,749171.8026,2350857.003,22.21,22.12,34.41,0,78.74,0.032081101,0.031576499,0.0561256,0.032470401,0.0892189,0.244678006,0.28133601,0.275292009,0.304547012,0.077685401,0.0252632,8.47824955,0.788990021,0.661300004,0.466338992,0.450915992,0.448599994,0.682500005,0.00284479,0.032420699,5.91748E-05,-0.267001003
38,QN39,748607.261,2351019.681,11.88,12.61,22.95,37.79,85.23,0.0466487,0.0500484,0.074495003,0.0777262,0.081749603,0.0761443,0.101049997,0.082646497,0.085823499,0.047442801,0.0250473,1.063300014,0.0306808,0.0518739,0.025229299,0.0111763,0.00969193,0.0217243,1.03505E-05,0.0538304,0.000450051,0.0212269
39,QN49,746205.4609,2351354.102,16.65,13.62,21.37,0,51.64,0.033264998,0.031698301,0.056956399,0.029815899,0.079372302,0.232813999,0.259912014,0.27462101,0.28479901,0.072342798,0.024399601,9.210539818,0.804123998,0.656452,0.453862011,0.456476986,0.454629004,0.674915016,0.00223366,0.032144301,5.06336E-05,-0.312777996
40,QN53,747428.8034,2350508.923,19.97,14.98,15.81,36.18,86.94,0.0471722,0.047986701,0.069878101,0.078717597,0.101319999,0.153248996,0.174207002,0.185827002,0.178724006,0.072443597,0.035195701,2.36067009,0.404881001,0.453447014,0.125541002,0.210143,0.194778994,0.144429997,0.000368727,0.0526294,0.000432997,0.059487201
41,QN42,753269.598,2349861.548,16.22,18.52,0,0,34.74,0.0323442,0.0309675,0.048287299,0.026607599,0.063399702,0.179661006,0.205526993,0.208614007,0.223134995,0.054499701,0.020512899,7.840390205,0.773765981,0.624078989,0.408767015,0.371329993,0.357584,0.50701803,0.00124245,0.027566399,3.41858E-05,-0.28946799
42,QN43,754350.3792,2349425.671,23.78,28.82,0,0,52.6,0.030238399,0.031332899,0.0475743,0.0267183,0.070991702,0.212648004,0.239299998,0.241021007,0.260657012,0.062262099,0.0217005,9.020850182,0.800415993,0.670305014,0.453110993,0.41870299,0.41049701,0.636766016,0.00175278,0.0272818,3.39616E-05,-0.280728012
43,QN48,746587.2267,2349067.854,16.92,20.52,25.48,0,62.92,0.035105798,0.035594199,0.055532102,0.036008801,0.063626297,0.135581002,0.167936996,0.143004999,0.166258007,0.048753399,0.018461701,3.971400023,0.597698987,0.440587997,0.277186006,0.236364007,0.217574,0.281125009,0.000718019,0.033092499,7.20049E-05,-0.213274002
44,QN29,748150.7836,2347776.822,10.69,12.57,13.22,42.48,78.96,0.046255901,0.0513818,0.0739033,0.081140898,0.112507001,0.165055007,0.179324999,0.168077007,0.177907005,0.053995602,0.027314501,2.071419954,0.348836005,0.389180005,0.161973998,0.174053997,0.159479007,0.144042999,0.000741657,0.0548761,0.000486568,0.046681099
45,QN30,748906.3695,2348603.356,10.43,12.07,13.06,25.64,61.2,0.0457322,0.052593701,0.077216201,0.084444501,0.113411002,0.164605007,0.182354003,0.197053999,0.191287994,0.084540002,0.041673299,2.333539963,0.400036007,0.436933994,0.146400005,0.216141999,0.201129004,0.142106995,0.000629347,0.0572128,0.000550619,0.0447133
46,QN36,749939.9796,2348746.912,28.94,12.24,12.12,32.4,85.7,0.040883102,0.043010101,0.060871299,0.0542369,0.0799383,0.150548995,0.168042004,0.156499997,0.166870996,0.0412932,0.0151148,2.885479927,0.485264003,0.439931989,0.191551,0.215823993,0.198697001,0.214330003,0.000562554,0.040764399,0.000179061,-0.057636
47,QN40,746802.0915,2348395.066,15.61,17.21,0,0,32.82,0.038127199,0.039364599,0.059566598,0.053353801,0.087521598,0.172360003,0.195405006,0.207267001,0.213645995,0.084338397,0.037138999,3.88477993,0.590565026,0.553530991,0.242540002,0.303528994,0.288159996,0.279745996,0.000976411,0.039983701,0.000169564,-0.0550193
48,QN44,754006.7628,2347226.995,16.25,0,34.56,23.37,74.18,0.030896701,0.0303583,0.050307199,0.027050201,0.072464302,0.204350993,0.233674005,0.241134003,0.252912015,0.0621612,0.0215925,8.914299965,0.798271,0.654769003,0.456357002,0.418031991,0.409790009,0.582686007,0.00186119,0.028559299,3.68104E-05,-0.30064401
49,QN45,750828.811,2346906,41.63,38,23.6,57.1,160.33,0.0311599,0.030236401,0.053751402,0.027160799,0.080730803,0.230798006,0.258246988,0.271039009,0.275633007,0.0682097,0.022672201,9.979029655,0.817834973,0.669008017,0.496517003,0.458303005,0.45628199,0.660643995,0.00258069,0.030112,3.9653E-05,-0.328635007
50,QN28,747098.5696,2346012.619,19.52,18.47,39.13,38.75,115.87,0.0419323,0.040093999,0.060396899,0.052139301,0.076428302,0.129500002,0.141898006,0.134904996,0.144275993,0.048450999,0.020297,2.58739996,0.442492992,0.381503999,0.188920006,0.180700004,0.164213002,0.152087003,0.000512076,0.039894499,0.00016419,-0.073376603
51,QN46,749378.4715,2343902.038,39.05,31.07,20.56,62.61,153.29,0.0312915,0.030236401,0.0423427,0.025722399,0.052060802,0.152574003,0.177236006,0.173021004,0.189041004,0.0432087,0.0166263,6.726480007,0.741150022,0.606779993,0.338613003,0.316208005,0.298234999,0.44404,0.000642519,0.0247717,2.80157E-05,-0.244182006
52,QN47,748246.4673,2343138.274,21.55,22.98,30.93,53.45,128.91,0.031949501,0.0304801,0.046861202,0.0278247,0.057164401,0.152798995,0.174310997,0.221402004,0.185261995,0.043007001,0.016950199,7.957049847,0.776712,0.650632977,0.345218003,0.387555003,0.37568,0.391555011,0.000800361,0.027249699,3.62805E-05,-0.254887998
53,QN54,684775.5497,2316860.909,27.62,0,21.28,39.04,87.94,0.039055102,0.042564701,0.060728598,0.042230401,0.070282802,0.163274005,0.194857001,0.190492004,0.208482996,0.070724398,0.0350108,4.510789871,0.63707602,0.516532004,0.249326006,0.303516001,0.286918998,0.354568005,0.000733334,0.036984399,0.000108304,-0.179665998
54,QN55,684934.8083,2315095.74,28.78,21.76,25.84,47.15,123.53,0.035614502,0.038752198,0.059271101,0.039221,0.0691723,0.180215999,0.214778006,0.229653001,0.244866997,0.081933603,0.034694102,5.855370045,0.708257973,0.589712024,0.276320994,0.371515006,0.359636009,0.45738399,0.000837769,0.035536401,9.11758E-05,-0.203571007
55,QN57,691757.733,2311445.767,23.77,12.52,17.89,27.35,81.53,0.049614798,0.038752198,0.0667978,0.039109498,0.084045202,0.250070989,0.30003801,0.31686601,0.332830995,0.087184198,0.0293098,8.1020298,0.780269027,0.651790023,0.364872009,0.486737013,0.492222011,0.776374996,0.00186421,0.038702399,0.000102171,-0.261438996
56,QN56,686970.1345,2310158.284,30.41,24.63,24.74,37.95,117.73,0.037070699,0.037767701,0.059757002,0.032195698,0.076832898,0.245721996,0.313722998,0.306989014,0.342290998,0.087688997,0.029732101,9.53512001,0.810159028,0.674124002,0.409408987,0.491180003,0.496282995,0.900358975,0.00184004,0.033939101,6.19417E-05,-0.299733996
57,HP24,700539.7287,2305802.21,31.68,31.34,39.72,72.14,174.88,0.040637899,0.031750102,0.048213501,0.027406899,0.044381499,0.118152998,0.139987007,0.157335997,0.158190995,0.020032899,0,5.740729809,0.703296006,0.530880988,0.236453995,0.284622014,0.265570015,0.299712002,0.000301147,0.0277294,3.62149E-05,-0.275144994
58,HP25,700920.854,2305952.913,17.68,22.16,30.86,59.15,129.85,0.0354454,0.0341531,0.0499724,0.0288122,0.0399445,0.065740101,0.075116202,0.128391996,0.086694703,0.0140402,0,4.456160069,0.633441985,0.439657986,0.161908999,0.227280006,0.207883,0.076206498,0.000146255,0.0288417,4.14842E-05,-0.268583
59,HP21,699754.5944,2304144.08,43.76,25.68,23.52,45.84,138.8,0.0262661,0.0229757,0.039739199,0.0134052,0.0453672,0.195001006,0.254079998,0.268976003,0.280092001,0.031215601,0,20.06500053,0.905056,0.742551029,0.543824971,0.489986002,0.491048008,1.034489989,0.000985588,0.020969599,7.14115E-06,-0.495516002
60,HP22,700691.7826,2304797.673,48.83,16.69,46.73,30.83,143.08,0.026305901,0.0235078,0.036102898,0.0164697,0.041046999,0.156045005,0.221849993,0.250815988,0.236989006,0.0260409,0,15.22889996,0.876762986,0.748341024,0.427307993,0.458133996,0.454039007,0.780773997,0.000579744,0.019841,9.79291E-06,-0.373448998
61,HP23,700592.7974,2305257.991,57.16,18.44,23.52,67.24,166.36,0.029192301,0.022452099,0.036727201,0.012951,0.033915699,0.160743997,0.189053997,0.259981006,0.215965003,0.0187498,0,20.07419968,0.905097008,0.752435029,0.447326005,0.479400992,0.478345007,0.834645987,0.000451307,0.019471901,6.16018E-06,-0.478603989
62,HP26,700854.6074,2304212.469,19.22,24.43,21.63,63.5,128.78,0.033475,0.023201499,0.039885301,0.0164086,0.030997301,0.071646698,0.102003999,0.183223993,0.10402,0.015927101,0,11.16639996,0.835611999,0.642459989,0.307740003,0.357650012,0.341107011,0.197844997,0.000238763,0.021564299,1.07388E-05,-0.417037994
63,HP08,699714.2659,2302958.548,33.74,16.27,24.49,76.27,150.77,0.035614502,0.041827101,0.056962602,0.044236202,0.066617601,0.181418002,0.229260996,0.211881995,0.260078013,0.059109502,0.0224472,4.789790154,0.654564023,0.57624203,0.201901004,0.332578987,0.317981005,0.503872991,0.000457712,0.036061,0.000111467,-0.125756994
64,HP09,699886.1548,2303789.553,10.7,30.5,29.75,71.93,142.88,0.0238555,0.024505001,0.032575302,0.0183655,0.035903402,0.097439602,0.117879003,0.132923007,0.125740007,0.0167516,0,7.237679958,0.757212996,0.606338024,0.32316801,0.263841003,0.243325993,0.27007401,0.000295907,0.0186978,1.09873E-05,-0.278948009
65,HP10,700977.4949,2303948.558,21.8,33.87,42.62,98.44,196.73,0.034952398,0.035551701,0.0534373,0.0358762,0.064951301,0.196811005,0.256006002,0.222459003,0.277624995,0.055271201,0.020546701,6.200759888,0.722250998,0.612627983,0.288365006,0.369064987,0.356465995,0.667024016,0.00077841,0.032181699,6.87791E-05,-0.196623996
66,HP20,699455.7713,2303810.206,23.8,21.14,48.93,23.84,117.71,0.0239252,0.0217578,0.0404584,0.0142366,0.034680601,0.117949001,0.147709996,0.242474005,0.160089001,0.031012399,0,17.03179932,0.889084995,0.71400702,0.417932004,0.452427,0.446949989,0.453943014,0.000441584,0.021445099,8.2001E-06,-0.479420006
67,HP27,701660.6723,2303706.945,25,24.72,24.98,82.4,157.1,0.0323852,0.0229521,0.038365301,0.0145386,0.0326862,0.108147003,0.140456006,0.200761005,0.154081002,0.017537,0,13.80879974,0.864946008,0.679121971,0.384281009,0.390513003,0.37676999,0.416613013,0.000349948,0.020513801,8.10931E-06,-0.450376004
68,HP30,701681.5233,2304085.357,27.03,32.6,31.53,89.95,181.11,0.036938298,0.041212302,0.058299199,0.045907401,0.059172999,0.119133003,0.150968999,0.181646004,0.157286003,0.0522408,0.0281485,3.956799984,0.596513987,0.514063001,0.126241997,0.279852986,0.262688011,0.211520001,0.000173657,0.0371022,0.000122865,-0.118915997
69,HP31,701684.7359,2303920.431,30.25,28.57,41.86,98.02,198.7,0.033097599,0.042687699,0.057084098,0.0478011,0.0677284,0.194192007,0.233634993,0.173343003,0.248135,0.0578974,0.0257202,3.626329899,0.567691982,0.504535973,0.172487006,0.261130005,0.243662998,0.532826006,0.000354676,0.0372275,0.000130434,-0.088506497
70,HP33,700384.367,2303061.516,28.98,31.23,45.76,86.26,192.23,0.029649699,0.0312391,0.0501533,0.0258354,0.066617601,0.238434002,0.29578501,0.313827991,0.325911999,0.067492597,0.0221304,12.14719963,0.847876012,0.724417984,0.441114008,0.514478028,0.523304999,0.966187,0.00152891,0.0282082,3.34756E-05,-0.320021003
71,HP32,700976.5608,2302739.025,37,32.35,37.27,103.55,210.17,0.030843601,0.0339504,0.047476102,0.0306338,0.061951399,0.201939002,0.252887011,0.236845002,0.275074989,0.051937699,0.018646199,7.731470108,0.770943999,0.666037977,0.338256001,0.403028995,0.393422008,0.724461973,0.000890122,0.0282507,4.45531E-05,-0.215623006
72,HP29,683804.5878,2297052.532,13.93,23.55,18.84,39.45,95.77,0.035025202,0.031005699,0.049843501,0.032007501,0.066568397,0.187749997,0.227252007,0.217316002,0.239176005,0.077582598,0.031710699,6.789549828,0.743246019,0.626864016,0.350603014,0.37095201,0.357977986,0.550669014,0.00107885,0.029617799,5.10636E-05,-0.217908993
73,HP35,685127.3808,2295472.659,20.42,8.67,16.68,34.78,80.55,0.033937398,0.034539402,0.0564702,0.042603198,0.080007397,0.196447998,0.230026007,0.228961006,0.238032997,0.069516703,0.029242801,5.374279976,0.686239004,0.604317009,0.305065006,0.362298995,0.349979013,0.460193992,0.001223,0.035369199,0.000102495,-0.139966995
74,HP28,686305.5722,2292896.529,14.05,11.52,12.5,0,38.07,0.040593199,0.040840901,0.063455701,0.054776799,0.086547598,0.170331001,0.192739993,0.189916998,0.197751001,0.065636501,0.029135499,3.467099905,0.552282989,0.49911201,0.224806994,0.272206008,0.255679995,0.271519989,0.000862652,0.041914001,0.000190399,-0.073404998
75,HP34,686914.3941,2292435.63,28.95,16.11,20.22,58.43,123.71,0.040050499,0.033151601,0.0597803,0.033831399,0.086203501,0.250263989,0.301283002,0.291429013,0.329136014,0.094017401,0.0324618,8.614150047,0.791972995,0.659573972,0.436307013,0.468210995,0.469170004,0.776458025,0.00246607,0.034344699,6.84222E-05,-0.277197003
76,HP04,682903.026,2290598.008,17.18,17.17,19.46,60.56,114.37,0.044118099,0.045245301,0.064312801,0.049090501,0.075989202,0.158254996,0.176143005,0.170295998,0.180647999,0.0608369,0.026023701,3.469029903,0.552475989,0.451745003,0.215053007,0.252727985,0.235238999,0.264598012,0.000660727,0.040453698,0.000154986,-0.134232
77,HP13,682369.5041,2290300.704,16.61,16.33,27.92,0,60.86,0.050883502,0.056295101,0.076176398,0.064320803,0.077596702,0.108351,0.133742005,0.099522397,0.124935001,0.041225899,0.020229099,1.547279954,0.214848995,0.132874995,0.093546703,0.079540499,0.0701847,0.096935801,0.000172479,0.049849801,0.000315154,-0.084383003
78,HP14,683895.3821,2291024.666,27.65,12.09,15.42,58.54,113.7,0.043304998,0.042729199,0.0610057,0.0430586,0.0707056,0.163736001,0.191562995,0.188216999,0.199626997,0.065636501,0.027203999,4.371180058,0.627641976,0.510432005,0.243019998,0.297749996,0.280975014,0.343896002,0.000710721,0.0373354,0.000113107,-0.172462001
79,HP03,680851.9659,2289847.026,16.74,13.88,15.59,39.91,86.12,0.040321801,0.0422257,0.0628433,0.0390728,0.079318702,0.237724006,0.277718991,0.277922004,0.299035996,0.097793601,0.038363099,7.112919807,0.753480017,0.631164014,0.339938998,0.438526005,0.43531701,0.715241015,0.00148712,0.0369999,9.59419E-05,-0.233235002
80,HP12,680497.281,2289480.965,25.65,18,21.16,44.16,108.97,0.0453371,0.0423516,0.061863299,0.0406674,0.079089098,0.257358998,0.306371003,0.311439008,0.334302008,0.138500005,0.057889,7.658209801,0.769005001,0.668561995,0.320832014,0.476651013,0.48041901,0.86461103,0.00134386,0.0370166,0.000102312,-0.206727996
81,HP01,679406.0481,2288196.052,28.74,13.19,16.98,24.3,83.21,0.0389647,0.0384477,0.056347501,0.037022199,0.072084203,0.204359993,0.246548995,0.258538991,0.265139997,0.093711197,0.040616199,6.9833498,0.749477983,0.642108977,0.321355999,0.417661011,0.411009997,0.594011009,0.00111899,0.033710901,7.72325E-05,-0.206975996
82,HP02,679550.0307,2288647.987,17.69,13.56,18.17,44.45,93.87,0.040593199,0.038825601,0.055243701,0.038161501,0.074266598,0.253035992,0.311563998,0.323229998,0.339569986,0.138907999,0.058854401,8.470040321,0.788807988,0.708070993,0.321139991,0.496408999,0.503718972,0.931515992,0.00116622,0.0335714,8.04514E-05,-0.182881996
83,HP11,679123.2383,2288051.552,17.88,4.54,22.54,45.31,90.27,0.036112599,0.035296202,0.0534034,0.034515198,0.069441602,0.204694003,0.247507006,0.254703999,0.264517993,0.090444997,0.037826601,7.379479885,0.761322021,0.653346002,0.335970014,0.418493986,0.411556005,0.627839983,0.00110782,0.031793199,6.36195E-05,-0.214836001
84,HP05,677512.7468,2286313.664,28.14,17.52,10.62,0,56.28,0.0291731,0.032141902,0.054139599,0.034971099,0.071050197,0.190983996,0.223838001,0.223309994,0.236889005,0.075540699,0.031281501,6.385550022,0.729201019,0.609733999,0.340301007,0.372563988,0.360184014,0.507677019,0.00117968,0.032226,6.62115E-05,-0.215108007
85,HP15,677359.6749,2285111.215,17.94,17.85,21.88,39.68,97.35,0.035025202,0.039959401,0.058922298,0.046018202,0.076218903,0.166195005,0.185032994,0.194448993,0.202857003,0.071456701,0.033427499,4.225490093,0.617260993,0.53489399,0.247066006,0.300684005,0.284373999,0.303122014,0.000807608,0.0373815,0.000124778,-0.122965999
86,HP06,677206.3557,2284358.502,22.89,14.7,17.58,42.24,97.41,0.036520202,0.043987501,0.065659598,0.053185001,0.080696099,0.154449999,0.174535006,0.158601999,0.181379005,0.0677808,0.032247201,2.982069969,0.497749001,0.414436013,0.205488995,0.222151995,0.204891995,0.232261002,0.000674123,0.0422488,0.000185728,-0.104965001
87,HP16,676188.0009,2283653.563,17.25,15.46,37.32,46.68,116.71,0.032304902,0.036809199,0.056102298,0.035768799,0.070475802,0.163846999,0.179998994,0.191503003,0.192330003,0.070742004,0.032032602,5.353919983,0.68523401,0.546841979,0.326669991,0.321202993,0.304800987,0.335317999,0.0011048,0.033267401,7.17777E-05,-0.221325994
88,HP17,675672.0695,2283156.067,17.94,17.08,20.55,46.29,101.86,0.0280829,0.0315107,0.050334699,0.032463498,0.066453502,0.179379001,0.201404005,0.202038005,0.216708004,0.072886199,0.032139901,6.223549843,0.723128021,0.601109028,0.343620986,0.346305996,0.331212997,0.456023991,0.00104574,0.0299477,5.30466E-05,-0.215839997
89,HP07,673602.6196,2281717.734,29.22,17.02,17.37,39.54,103.15,0.029990399,0.0355484,0.051562399,0.035882801,0.067717798,0.170553997,0.199157998,0.201584995,0.207335994,0.065738603,0.027633199,5.617879868,0.697788,0.592630029,0.307285994,0.337036997,0.32170099,0.411226988,0.000910607,0.031409599,6.63904E-05,-0.179307997
90,HP18,672823.866,2281404.587,18.64,11.45,24.24,0,54.33,0.026310399,0.0307531,0.0480012,0.0290427,0.065993696,0.193549007,0.226825997,0.224665999,0.245307997,0.075847,0.032569099,7.735720158,0.771054983,0.647913992,0.388808012,0.389322013,0.377835989,0.580066979,0.0012324,0.0280517,4.04881E-05,-0.246074006
91,HP19,672388.9565,2281461.603,21.01,25.17,31.95,22.64,100.77,0.026446801,0.0294901,0.048246901,0.0305252,0.065073997,0.207700998,0.249638006,0.259667009,0.271364987,0.087484904,0.035144199,8.506620407,0.789619982,0.68662101,0.361391991,0.434973001,0.429771006,0.699355006,0.00107735,0.028546199,4.4956E-05,-0.224974006
92,TT05,671617,2280790,19.94,12.93,17.86,36.15,86.88,0.030943699,0.033782501,0.054753002,0.034971099,0.066683397,0.176251993,0.205359995,0.222292006,0.219622001,0.066351302,0.026452901,6.356450081,0.728129983,0.60473597,0.311960995,0.371048987,0.358516991,0.45035699,0.000929999,0.032484099,6.69617E-05,-0.220475003
93,TT06,671258,2279969,28.54,23.24,17.58,23.71,93.07,0.0260376,0.031889401,0.047509801,0.0309813,0.068292499,0.186187997,0.222130001,0.224553004,0.237825006,0.079726599,0.033856701,7.248020172,0.757517993,0.650744021,0.375840992,0.38430801,0.372566998,0.521133006,0.00123704,0.0283594,4.5602E-05,-0.210577995
94,TT04,669880,2278887,18.63,15.67,28.99,21.54,84.83,0.026446801,0.029237499,0.050825801,0.027788101,0.071624704,0.226503,0.264963001,0.27105099,0.286709011,0.090853304,0.0324618,9.754210472,0.814025998,0.684190989,0.440955013,0.456781,0.454614013,0.750033975,0.0017393,0.0289631,3.92465E-05,-0.293049008
95,TT07,670710,2279510,30.56,16.32,21.51,0,68.39,0.0283555,0.031131901,0.048124101,0.032007501,0.067487903,0.196447998,0.227999002,0.243306994,0.252786994,0.088403501,0.035466101,7.601560116,0.767484009,0.669739008,0.35660401,0.408800006,0.400150001,0.570505023,0.00112146,0.028898099,4.9302E-05,-0.201126993
96,TT02,668404,2277570,28.61,18.35,18.58,27.67,93.21,0.0271286,0.0303743,0.0504575,0.0284725,0.071050197,0.257248998,0.310185999,0.320760012,0.33089301,0.091567799,0.0311742,11.2656002,0.836942971,0.728151977,0.427819997,0.516268015,0.526040018,1.019989967,0.00163751,0.0289682,4.09049E-05,-0.278537989
97,TT03,669292,2278497,15.68,18.38,44.03,25.42,103.51,0.0278103,0.031384502,0.0462812,0.030297199,0.062659398,0.194886997,0.227678999,0.239242002,0.246346995,0.086259902,0.0333202,7.896500111,0.775192976,0.675814986,0.348143995,0.407279015,0.398155004,0.613910019,0.000941307,0.027658001,4.24824E-05,-0.208727002
98,TT01,665428,2274251,41.37,15.57,15.58,38.11,110.63,0.039100502,0.043735798,0.057083301,0.0390728,0.073347799,0.185405999,0.210916996,0.219577998,0.229090005,0.080339096,0.031388801,5.619719982,0.697871983,0.587342024,0.304881006,0.356893986,0.343596011,0.434381992,0.00106328,0.034587499,8.71483E-05,-0.187305003
99,TT08,664721,2270734,17.79,16.04,29.39,0,63.22,0.036791898,0.036431,0.051316801,0.033489399,0.070360899,0.228393003,0.277188003,0.263049006,0.294272006,0.087995298,0.029993899,7.854690075,0.774131,0.673521996,0.355044007,0.432294995,0.427190989,0.791050971,0.00121907,0.0306389,5.7554E-05,-0.210214004
100,TT09,664620,2269977,8.48,20.67,81.61,50.88,161.64,0.035025202,0.038573701,0.055734299,0.0365665,0.0707056,0.210484996,0.253684014,0.25898999,0.272816986,0.092486396,0.034715001,7.082719803,0.752559006,0.645821989,0.318248004,0.419373989,0.412889987,0.646340013,0.00106326,0.033329502,7.45227E-05,-0.207666993
101,TT10,664711,2269064,17.94,25.75,24.46,46.61,114.76,0.031896599,0.0340348,0.049966302,0.0309813,0.068752103,0.217383996,0.259218007,0.266880989,0.272505999,0.098814197,0.0373974,8.61427021,0.791975975,0.684603989,0.378717005,0.443497986,0.439705998,0.721652985,0.00128472,0.029395901,4.79598E-05,-0.234533995
102,TT11,664895,2268239,29.24,22.59,31.81,0,83.64,0.0359767,0.0359267,0.0524216,0.031893499,0.068752103,0.214268997,0.251980007,0.261357993,0.272091001,0.093506999,0.035251498,8.194720268,0.782483995,0.665870011,0.366223007,0.433905989,0.428777009,0.685909986,0.00123818,0.030680699,5.33228E-05,-0.243469
103,TT12,666235,2267318,20.72,11.79,20.59,0,53.1,0.0271286,0.031889401,0.048983902,0.027674001,0.068981998,0.225613996,0.264856994,0.27105099,0.282977998,0.085749596,0.029564699,9.794409752,0.814719021,0.693884015,0.427370995,0.457060009,0.454921007,0.775735021,0.00154113,0.028130401,3.75144E-05,-0.27798599
104,TT13,666322,2267016,10.51,14.87,11.62,44.74,81.74,0.029036799,0.031131901,0.0480012,0.028586499,0.068407401,0.239722997,0.286004007,0.288165987,0.308557987,0.087893203,0.029135499,10.08049965,0.819501996,0.714420021,0.410549998,0.476727992,0.478302002,0.902076006,0.00142318,0.0279343,3.92261E-05,-0.253495991
105,TT14,666618,2266604,24.05,12.07,29.89,37.24,103.25,0.030671399,0.031637002,0.049720701,0.0292708,0.067258097,0.246491998,0.292266011,0.298738986,0.320556998,0.097385399,0.034285899,10.20600033,0.821524978,0.714626014,0.393532008,0.488162011,0.49209401,0.963845015,0.00130979,0.0288484,4.25998E-05,-0.258886993
106,TH16,666535,2262667,33.4,12.2,0,0,45.6,0.032985199,0.035170101,0.052053399,0.034173299,0.069211803,0.186968997,0.215296,0.224778995,0.231066003,0.083503798,0.0356807,6.577630043,0.73606497,0.623935997,0.33891201,0.376715004,0.364643991,0.489286005,0.00110746,0.0311343,6.07887E-05,-0.207360998
107,TH10,667821,2260989,25.62,18.33,20.37,32.23,96.55,0.030399,0.0307531,0.046035402,0.029841,0.068062603,0.198008999,0.235145003,0.225796998,0.244268999,0.0853412,0.032998301,7.566649914,0.766537011,0.661294997,0.390399992,0.388987005,0.377588987,0.597274005,0.0012925,0.0274306,4.0994E-05,-0.213431001
108,TH11,667688,2261171,14.83,29.73,20.57,76.1,141.23,0.0301266,0.030879401,0.048492599,0.029498899,0.067373,0.200794995,0.235678002,0.251996994,0.248217002,0.086770304,0.033856701,8.542579651,0.790413022,0.677242994,0.390971005,0.427062005,0.420507014,0.614485979,0.00129143,0.0283801,4.21975E-05,-0.243534997
109,TH12,668233,2260869,18.93,16.21,14.94,25.99,76.07,0.0327131,0.035043899,0.0524216,0.034173299,0.068867102,0.166641995,0.191027999,0.195469007,0.196813002,0.063083597,0.025057901,5.719930172,0.702377975,0.577058971,0.336701006,0.331591994,0.315651,0.379550993,0.00108955,0.0312883,6.12187E-05,-0.210731
110,TH15,666745,2261709,26.99,52.38,0,0,79.37,0.034481399,0.0394555,0.0586772,0.040781301,0.075070597,0.163512006,0.182034999,0.195015997,0.192851007,0.066453397,0.0294574,4.782000065,0.654098988,0.537415981,0.295976013,0.314424008,0.298236012,0.30766499,0.00106333,0.0357286,9.75866E-05,-0.179932997
111,TH13,667980,2259811,21.05,17,10.01,0,48.06,0.031488299,0.037439499,0.057819001,0.0366804,0.076333702,0.200682998,0.234612003,0.236870006,0.250606,0.096364804,0.0405089,6.457670212,0.731819987,0.607593,0.350870013,0.388190001,0.377743989,0.52036798,0.00142555,0.034236301,7.77927E-05,-0.223690003
112,TH14,667587,2259256,11.83,12.11,15.51,41.79,81.24,0.029036799,0.0320157,0.0495979,0.031437401,0.068177499,0.204583004,0.238983005,0.244661003,0.257979006,0.080951601,0.0297793,7.782489777,0.772274017,0.662895977,0.368820995,0.412106991,0.403798997,0.622789979,0.00121331,0.029361,4.90181E-05,-0.224105999
113,TH03,665624,2249799,25.76,13.69,16.71,37.84,94,0.030671399,0.032899201,0.047509801,0.029498899,0.065878697,0.236725003,0.283243001,0.267558008,0.304212004,0.081768297,0.0269894,9.070090294,0.801392019,0.698414981,0.381428987,0.448009014,0.444685012,0.911789,0.00118984,0.0279615,4.13424E-05,-0.233881995
114,TH04,665571,2248944,18.42,26.99,27.94,74.55,147.9,0.029990399,0.032141902,0.047755498,0.0293849,0.063579299,0.211932003,0.251448005,0.25492999,0.270846993,0.080134898,0.027633199,8.675550461,0.793292999,0.684454024,0.367823988,0.431353986,0.425410986,0.740212023,0.00106104,0.028036,4.12355E-05,-0.238146007
115,TH07,666790,2248028,20.56,11.94,12.19,28.33,73.02,0.033801399,0.037691601,0.054753002,0.039414499,0.061394401,0.157695994,0.186959997,0.177103996,0.198063001,0.0575689,0.0224826,4.49338007,0.635924995,0.52770102,0.218034998,0.288246989,0.270680994,0.378980994,0.000453918,0.033732001,8.50591E-05,-0.162884995
116,TH05,666042,2247711,23.7,22.43,19.95,32.58,98.66,0.0302628,0.031384502,0.050703,0.030183099,0.069671497,0.213045001,0.247293994,0.250304013,0.262234986,0.078399397,0.0278478,8.292849541,0.784780979,0.663110971,0.395458013,0.423045993,0.416031003,0.663892984,0.00140952,0.0295035,4.61916E-05,-0.253688008
117,TH06,666756,2247779,13.96,11.59,14.03,30.14,69.72,0.0287643,0.033530101,0.050211899,0.028586499,0.069096901,0.223723993,0.263579994,0.270375013,0.283288985,0.076051198,0.025916399,9.458120346,0.808761001,0.686749995,0.414710999,0.453942001,0.451440006,0.76086998,0.00148808,0.0288895,4.10326E-05,-0.274439007
118,TH08,667037,2247441,14.18,18.7,17.33,45.25,95.46,0.0294456,0.031384502,0.050334699,0.0282443,0.068522297,0.236279994,0.276868999,0.286139995,0.293857992,0.081870399,0.0270967,10.13090038,0.82032001,0.700811982,0.41623801,0.475014001,0.476200014,0.857315004,0.0014758,0.028858799,4.01541E-05,-0.281121999
119,TH09,666453,2246966,28.11,15.91,17.49,41.31,102.82,0.029036799,0.0315107,0.0486154,0.031437401,0.066913202,0.194330007,0.227892995,0.226023003,0.246657997,0.083810002,0.0324618,7.189610004,0.755788028,0.64596802,0.360707998,0.385338008,0.373778999,0.570545971,0.00112871,0.028947201,4.80471E-05,-0.214582995
120,TH01,666696,2245988,25.97,21.16,22.38,45.9,115.41,0.030807501,0.0307531,0.055856999,0.032121498,0.075415097,0.231059998,0.269322991,0.277020991,0.294167995,0.105345003,0.042654801,8.624170303,0.792190015,0.664399981,0.402594,0.453997999,0.452140003,0.726746976,0.00170499,0.032217201,5.76326E-05,-0.269787997
121,TH02,667167,2246539,14.71,27.21,15.93,39.26,97.11,0.034481399,0.0395815,0.0596577,0.0421477,0.074726,0.170331001,0.196591005,0.193203002,0.209524006,0.067066103,0.026774799,4.583950043,0.641830981,0.528137982,0.278748006,0.308129013,0.291756988,0.352039009,0.000963165,0.036522198,0.000105978,-0.171994001
122,XT38,664180,2240610,23.85,8.09,16.14,42.8,90.88,0.040457498,0.0434842,0.058186799,0.043172501,0.078400403,0.149860993,0.177750006,0.196827993,0.186073005,0.054913498,0.022053299,4.559120178,0.640231013,0.543659985,0.28976801,0.311464012,0.295392007,0.257241994,0.00109859,0.036226898,0.000108452,-0.14813
123,XT39,664432,2240721,48.4,12.05,22.39,44.49,127.33,0.039100502,0.041974001,0.0573286,0.039756201,0.073462598,0.168096006,0.194238007,0.199546993,0.208481997,0.0677808,0.028169701,5.01925993,0.667733014,0.553646982,0.297710001,0.324205011,0.308485001,0.353480995,0.00102736,0.0348824,9.06112E-05,-0.180999994
124,XT42,664331,2240544,27.37,17.73,0,0,45.1,0.036791898,0.0398334,0.0567155,0.0366804,0.071280003,0.198342994,0.239302993,0.241500005,0.265866995,0.0691083,0.025487101,6.583899975,0.736283004,0.619634986,0.320484012,0.394805014,0.385134995,0.563814998,0.00109635,0.033771601,7.6308E-05,-0.214516997
125,XT43,664581,2240795,23.75,16.39,16.75,0,56.89,0.036927801,0.040715002,0.055121001,0.036338601,0.070131101,0.188418999,0.220208004,0.218673006,0.239800006,0.076153301,0.029242801,6.017670155,0.715004981,0.597355008,0.317391008,0.362248987,0.349063993,0.493997008,0.00104049,0.033010699,7.27869E-05,-0.205363005
126,XT01,664193,2239842,18.48,16.54,8.93,0,43.95,0.037471101,0.039077599,0.057941601,0.035427,0.077941097,0.245716006,0.292477995,0.298514009,0.317764997,0.108814999,0.0413673,8.426199913,0.787824988,0.674902022,0.375010014,0.473212004,0.475389004,0.810374975,0.0016374,0.0339569,7.27207E-05,-0.241136998
127,XT02,664183,2239868,16.35,15.31,17.8,0,49.46,0.043982599,0.041092701,0.061740801,0.038844999,0.082073197,0.166195005,0.185139999,0.232351005,0.201814994,0.071252503,0.028169701,5.981500149,0.713528991,0.580125988,0.357499987,0.376376003,0.364946991,0.296241999,0.00169289,0.036472101,9.31629E-05,-0.227624997
128,XT03,664185,2239594,24.75,16.29,10.3,32.25,83.59,0.043169498,0.041344501,0.0610057,0.0429448,0.079433501,0.177591994,0.208780006,0.211659998,0.220038995,0.0828913,0.0332129,4.928649902,0.662654996,0.552523017,0.29816401,0.335370988,0.320816994,0.370763004,0.00119695,0.037302598,0.00011251,-0.173746005
129,XT04,664248,2239191,21.02,16.75,24.86,31.74,94.37,0.036791898,0.039203599,0.057941601,0.0383894,0.076104097,0.159150004,0.178820997,0.195922002,0.200563997,0.078195199,0.0332129,5.103559971,0.672321975,0.543522,0.32940501,0.321797013,0.305756986,0.293673009,0.0012854,0.0347526,8.5391E-05,-0.202969
130,XT25,664013,2237988,21.55,23.68,18.73,41.26,105.22,0.030943699,0.034161001,0.053894199,0.032463498,0.071739599,0.198899999,0.236637995,0.242629007,0.251125008,0.087076597,0.033749402,7.473909855,0.763981998,0.636493027,0.376919001,0.406724006,0.397877991,0.566079974,0.00140243,0.031458098,5.67978E-05,-0.248162001
131,XT35,663927,2237594,26.25,20.21,30.08,27.45,103.99,0.032441001,0.033530101,0.054384898,0.0307533,0.074266598,0.210706994,0.242500007,0.248724997,0.260055006,0.081564203,0.030101201,8.087739944,0.779923022,0.641152978,0.414333999,0.419456005,0.412034005,0.60076201,0.00172039,0.0312389,5.14353E-05,-0.277568012
132,XT36,664785,2237955,40.24,17.12,28.84,42.44,128.64,0.037878498,0.037061401,0.0573286,0.035540901,0.074955702,0.189758003,0.215296,0.224778995,0.227009997,0.078603603,0.031388801,6.324520111,0.726944983,0.593569994,0.356705993,0.373340011,0.361120999,0.455067992,0.00141457,0.033725802,7.2415E-05,-0.234604999
133,XT37,665004,2238467,24.93,19.34,24.08,47.92,116.27,0.043576099,0.041218601,0.061618298,0.039756201,0.077367097,0.183063,0.211665004,0.215279996,0.225658,0.074111402,0.031710699,5.414999962,0.688230991,0.554938972,0.321121991,0.348706007,0.334791988,0.406762004,0.00129611,0.036665302,9.73914E-05,-0.215655997
134,XT40,664619,2238709,27,18.01,27.05,47.65,119.71,0.0352971,0.038069598,0.055979598,0.037478,0.072314002,0.182728007,0.214228004,0.217541993,0.227633998,0.084524602,0.035573401,5.804540157,0.706079006,0.59067601,0.317290992,0.357733995,0.344294012,0.446624994,0.00109974,0.033683501,7.86288E-05,-0.197968006
135,XT41,664496,2238108,24.99,17.04,19.35,43.35,104.73,0.037878498,0.036557101,0.0567155,0.035768799,0.074036904,0.193214998,0.218606994,0.224892005,0.238137007,0.082585,0.033642098,6.287390232,0.725552976,0.597203016,0.348506987,0.372945994,0.360720009,0.477153987,0.00133188,0.033526301,7.25623E-05,-0.226488993
136,XT45,657756,2237640,25.52,22.4,29.83,30.98,108.73,0.0382859,0.037187401,0.054630298,0.035882801,0.070360899,0.177704006,0.201404005,0.213923007,0.214001,0.073396698,0.0311742,5.961709976,0.712714016,0.593150973,0.324519008,0.356171995,0.342373013,0.418040991,0.00108027,0.0326804,7.03406E-05,-0.207124993
137,XT46,658289,2238070,26.16,17.9,17.42,34.82,96.3,0.037063599,0.0397075,0.056838099,0.034173299,0.071280003,0.232170999,0.281861991,0.286702991,0.300898999,0.084626697,0.0274186,8.389670372,0.787,0.66910398,0.351877987,0.461450994,0.461252004,0.806762993,0.00126973,0.033160102,6.63764E-05,-0.249032006
138,XT47,658759,2238300,21.4,17.51,22.39,33.47,94.77,0.0380143,0.040211301,0.054875702,0.037819698,0.066108599,0.182170004,0.217432007,0.20634,0.233769998,0.074417703,0.029242801,5.455890179,0.690204978,0.579845011,0.272195995,0.339686006,0.324800998,0.494942993,0.000736707,0.033322901,7.84905E-05,-0.184
139,XT49,660075,2237760,16.21,17.13,20.77,40.4,94.51,0.0385575,0.041722201,0.0586772,0.0413507,0.068407401,0.149860993,0.165101007,0.173020005,0.174804002,0.063696302,0.028062399,4.184209824,0.61421299,0.493501008,0.246511996,0.276472986,0.258731008,0.271100998,0.000679412,0.035891801,0.000100331,-0.173216999
140,XT50,659690,2237781,15.74,18.35,20.92,43.86,98.87,0.0342094,0.037187401,0.0536488,0.036908299,0.065533802,0.169437006,0.193702996,0.197167993,0.20442,0.072171398,0.0298866,5.342110157,0.684647977,0.572207987,0.279430985,0.327473015,0.311607987,0.405389994,0.000751378,0.032559201,7.30815E-05,-0.184861004
141,XT52,657662,2237624,22.12,17.58,20.88,36.18,96.76,0.033937398,0.037439499,0.052666999,0.034857102,0.070475802,0.205474004,0.236531004,0.239581004,0.253825009,0.084218301,0.032783698,6.873209953,0.745974004,0.639572978,0.338153005,0.396526992,0.386785001,0.587985992,0.00114182,0.0315786,6.39915E-05,-0.203484997
142,XT54,659716.6702,2237755.408,17.43,17.25,20.74,18.94,74.36,0.039914802,0.038951602,0.0574512,0.036452498,0.070246004,0.167200997,0.188458994,0.186289996,0.190870002,0.062879302,0.0265602,5.110479832,0.672693014,0.528587997,0.316718996,0.310977012,0.294081002,0.361809999,0.00105552,0.034019899,7.63404E-05,-0.223618999
143,XT55,660454,2237771,23.08,17.55,19.78,46.59,107,0.037063599,0.0375655,0.054262199,0.037478,0.070360899,0.184514001,0.215083003,0.216297999,0.225658,0.0785015,0.031925298,5.771339893,0.704638004,0.598890007,0.304926008,0.355848998,0.342240989,0.465748996,0.000975412,0.032973401,7.62166E-05,-0.182953998
144,XT05,661640,2236314,20.59,16.51,18,36.49,91.59,0.0295818,0.032268099,0.050211899,0.029841,0.068292499,0.209482998,0.245697007,0.258765012,0.262546003,0.074519798,0.0251652,8.671429634,0.793205023,0.674978971,0.391828001,0.435434014,0.430184007,0.662122011,0.00133947,0.029205,4.47131E-05,-0.25446701
145,XT07,662151,2236699,19.73,24.07,13.63,31.27,88.7,0.0380143,0.034539402,0.051071301,0.031437401,0.066683397,0.191764995,0.223196998,0.235741004,0.241255,0.0769701,0.0290282,7.498730183,0.764671028,0.643868983,0.359210014,0.399457008,0.38953799,0.551455021,0.00113222,0.0299858,5.04743E-05,-0.237961993
146,XT08,662368,2236890,18.67,14.89,17.15,37.21,87.92,0.030807501,0.033782501,0.051807899,0.030183099,0.0728883,0.229615003,0.269109994,0.283100992,0.288264006,0.107794002,0.040830798,9.379440308,0.807310998,0.690614998,0.414326012,0.46647501,0.466452003,0.75267601,0.00164368,0.029979501,4.71981E-05,-0.26374501
147,XT09,662183,2236924,16.31,13.1,15.19,36.45,81.05,0.032032698,0.034665499,0.054384898,0.033717401,0.074496299,0.229615003,0.269109994,0.273528993,0.294997007,0.095854498,0.036002599,8.112409592,0.780519009,0.668298006,0.376836985,0.445611,0.442636997,0.725535989,0.0014989,0.031994499,6.18282E-05,-0.234586
148,XT10,662044,2236592,15.28,11.61,18.18,36.88,81.95,0.043033998,0.039959401,0.057573799,0.0396423,0.070131101,0.114757001,0.126643002,0.177331001,0.124724999,0.0417367,0.018834,4.473279953,0.634588003,0.509811997,0.277741998,0.28806299,0.270514011,0.142360002,0.000852992,0.034950901,9.04781E-05,-0.184449002
149,XT23,664705,2237379,24.72,16.09,22.05,42,104.86,0.036656,0.036178902,0.056960698,0.033375401,0.074726,0.215381995,0.249211997,0.246805996,0.261197001,0.091567799,0.0373974,7.394839764,0.761758029,0.624970973,0.38251701,0.410347998,0.402119994,0.622101009,0.00156295,0.033009201,6.34496E-05,-0.261083007
150,XT24,663943,2237118,35.92,18.99,21.97,41.96,118.84,0.030943699,0.032268099,0.051807899,0.0307533,0.073003203,0.221166,0.256345004,0.262147009,0.274165988,0.087280698,0.0310669,8.524200439,0.790009022,0.669965982,0.407202989,0.437747985,0.433012009,0.68344003,0.00160595,0.030123999,4.89981E-05,-0.255017996
151,XT26,662946,2236473,13.33,13.55,12.72,24.24,63.84,0.036112599,0.042980898,0.066149198,0.04727,0.0743815,0.167425007,0.187923998,0.146441996,0.195769995,0.056445401,0.022804501,3.097990036,0.511955976,0.377685994,0.222862005,0.214438006,0.196787,0.316597015,0.000690394,0.0406515,0.000147807,-0.166455001
152,XT27,663334,2236794,13.14,13.24,24.86,40.79,92.03,0.038828999,0.049644198,0.073488101,0.054208402,0.075415097,0.143812999,0.161560997,0.123799004,0.164988995,0.053483602,0.021731401,2.283770084,0.390944004,0.255014986,0.163602993,0.153961003,0.138749003,0.204715997,0.000441552,0.045659199,0.000215948,-0.150980994
153,XT28,663507,2237312,22.49,14.78,19.3,38.81,95.38,0.033393301,0.035043899,0.054384898,0.034401301,0.075644799,0.195222005,0.223943993,0.224326998,0.240943,0.075847,0.0297793,6.520899773,0.734073997,0.609740973,0.374783993,0.375481993,0.363316,0.489167988,0.00152566,0.032175999,6.43617E-05,-0.225076005
154,XT29,662996,2237308,25.95,15.28,14.69,32.76,88.68,0.036656,0.035296202,0.054384898,0.0329195,0.0743815,0.196783006,0.227999002,0.233481005,0.245412007,0.0814621,0.030101201,7.09250021,0.752857983,0.622151017,0.386409014,0.392540008,0.382025987,0.516099989,0.00155328,0.031786099,5.89365E-05,-0.245868996
155,XT30,662666,2237095,22.08,11.93,17.32,30.73,82.06,0.033257298,0.035043899,0.0537715,0.0329195,0.073692396,0.227947995,0.269960999,0.28084901,0.285257995,0.103100002,0.038470399,8.531410217,0.790166974,0.678613007,0.382443011,0.457002997,0.455801994,0.733226001,0.00149998,0.031523999,5.82717E-05,-0.240532994
156,XT31,662859,2237368,27.67,14.03,18.76,34.52,94.98,0.0357049,0.035422299,0.057941601,0.035654899,0.0805813,0.239944994,0.277613014,0.281863004,0.302969992,0.107284002,0.04126,7.905310154,0.775415003,0.658971012,0.386510015,0.451748013,0.450127006,0.720471978,0.00181496,0.034016501,7.36594E-05,-0.238114998
157,XT32,663172,2237476,14.28,14.12,16.28,34.06,78.74,0.033529401,0.036431,0.061250702,0.036794402,0.082991198,0.203691006,0.237917006,0.260569006,0.257355988,0.094935901,0.0380412,7.08175993,0.752529025,0.619346976,0.385663003,0.420964986,0.414741993,0.493631005,0.00193328,0.035726301,8.29228E-05,-0.249439999
158,XT33,664718,2237252,19.95,16.94,22.38,31.87,91.14,0.037471101,0.036178902,0.056102298,0.037705801,0.073807202,0.180830002,0.205572993,0.211998999,0.216915995,0.0769701,0.033749402,5.622449875,0.697996974,0.581484973,0.323740989,0.348724008,0.334538013,0.41128099,0.00117548,0.033797901,7.97622E-05,-0.196107
159,XT34,664149,2236911,32.05,16.57,22.45,32.1,103.17,0.0343454,0.034917802,0.051685099,0.031323399,0.073347799,0.211820006,0.245590001,0.247822002,0.257459998,0.0828913,0.0316034,7.911709785,0.775575995,0.654865026,0.401490003,0.416799992,0.409105986,0.618779004,0.00158398,0.030218,5.07111E-05,-0.245297
160,XT44,657088,2237230,29,16.75,14.02,0,59.77,0.037199501,0.041596301,0.0531579,0.037250102,0.063809298,0.156800002,0.178071007,0.188329995,0.191808999,0.0665555,0.028706299,5.055830002,0.669740021,0.559746981,0.262807995,0.312328994,0.295601994,0.346044004,0.000648812,0.032455102,7.37603E-05,-0.175955996
161,XT48,659641,2237296,15.73,14.94,23.3,39.45,93.42,0.035840798,0.036809199,0.0504575,0.0332614,0.065648802,0.177591994,0.209420994,0.212790996,0.225136995,0.071967199,0.0293501,6.397530079,0.729640007,0.616656005,0.32744199,0.360958993,0.347220987,0.476543993,0.000950539,0.030216999,5.58223E-05,-0.205402002
162,XT51,657199,2237334,22.59,26.06,14.21,14.36,77.22,0.039236199,0.0397075,0.0553663,0.037363999,0.065648802,0.157135993,0.181178004,0.176082999,0.192017004,0.067270301,0.030101201,4.712639809,0.649899006,0.521569014,0.274574995,0.291653007,0.273984998,0.344231009,0.00074186,0.033397201,7.72953E-05,-0.194135994
163,XT53,658407,2237536,20.42,17.68,18.36,31.32,87.78,0.038150098,0.0384477,0.055243701,0.0339454,0.073577501,0.222611994,0.261133999,0.273867011,0.282355994,0.080032803,0.028706299,8.067890167,0.779440999,0.664285004,0.368593007,0.445502996,0.442550987,0.687367976,0.00142539,0.0324197,6.36566E-05,-0.238800004
164,XT06,661359,2236201,17.84,12.9,15.64,33.56,79.94,0.030807501,0.033151601,0.0527898,0.0309813,0.070820503,0.217050999,0.256983995,0.279273003,0.280387014,0.076051198,0.0248433,9.014240265,0.800284028,0.68204999,0.391339988,0.459654987,0.458566993,0.692651987,0.00144349,0.0306047,5.06699E-05,-0.260334015
165,XT11,661877,2236235,21.38,13.15,14.6,0,49.13,0.035025202,0.035296202,0.054016899,0.0336034,0.071050197,0.197228,0.231413007,0.230995998,0.244788006,0.076255403,0.029135499,6.874169827,0.746004999,0.620950997,0.357816994,0.387246013,0.376230001,0.549099028,0.0012747,0.031808101,6.09953E-05,-0.232976004
166,XT12,661932,2236183,16.43,15.77,15.66,0,47.86,0.036112599,0.034917802,0.052298799,0.0336034,0.0686372,0.187526003,0.217752993,0.208943993,0.227321997,0.065840699,0.0257018,6.21792984,0.722912014,0.599614978,0.34266001,0.354200006,0.339913994,0.503121018,0.00111289,0.031082001,5.90553E-05,-0.217636004
167,XT13,662087,2235827,13.52,10.78,11.78,0,36.08,0.0302628,0.034539402,0.055489,0.028586499,0.078400403,0.227947995,0.263155013,0.270148993,0.281423986,0.074724004,0.0243068,9.450240135,0.808616996,0.659198999,0.465606987,0.453646988,0.451095998,0.682004988,0.00225316,0.0312098,4.5345E-05,-0.319979995
168,XT14,662027,2235415,16.25,13.32,13.02,0,42.59,0.037199501,0.037313402,0.054753002,0.033375401,0.066683397,0.202689007,0.241753995,0.245113,0.254137009,0.040919501,0.0134683,7.344110012,0.760309994,0.634817004,0.332884014,0.407977998,0.399439991,0.633382022,0.00102994,0.0320617,6.09904E-05,-0.242572993
169,XT15,661964.2013,2235214.28,6.2,0,0,0,6.2,0.043033998,0.053661302,0.075565502,0.056595601,0.071280003,0.091927201,0.099389799,0.096327901,0.098208502,0.0288636,0.0123952,1.702039957,0.259817988,0.120785996,0.114834003,0.091279499,0.080615401,0.055190101,0.000228219,0.047204901,0.000242041,-0.143537
170,XT16,662078,2236204,18.44,13.21,22.77,0,54.42,0.0295818,0.033025399,0.049720701,0.030297199,0.069326699,0.219832003,0.259112,0.263837993,0.274165988,0.075847,0.0274186,8.708339691,0.793991983,0.682861984,0.391768992,0.441123009,0.436834991,0.725561023,0.00137026,0.029112101,4.56396E-05,-0.242740005
171,XT17,662806,2236260,22.77,13.18,13.86,35.62,85.43,0.030943699,0.031637002,0.053525999,0.028814601,0.074496299,0.234281003,0.26879099,0.274542987,0.291889995,0.0799307,0.026345599,9.527910233,0.81002897,0.673690021,0.442176998,0.458815008,0.457186997,0.754696012,0.00189523,0.030394601,4.44418E-05,-0.300112009
172,XT18,662869,2236089,27,11.93,16.92,37.81,93.66,0.031079801,0.033530101,0.053280599,0.0269896,0.075415097,0.239167005,0.279843986,0.290865988,0.302141011,0.0840142,0.0274186,10.77700043,0.830177009,0.690361023,0.472883999,0.483967006,0.486627012,0.801890016,0.00213065,0.0298633,3.88116E-05,-0.327531993
173,XT19,662996,2236134,24.21,13.33,18.71,27.15,83.4,0.031352099,0.031384502,0.053894199,0.0292708,0.072084203,0.203914002,0.233759001,0.266543001,0.253410012,0.073702998,0.025379799,9.106109619,0.802100003,0.663621008,0.422410011,0.447225988,0.44373399,0.578463018,0.00167723,0.030665001,4.61755E-05,-0.296077996
174,XT20,663085,2236277,27.41,9.67,13.97,33.76,84.81,0.030671399,0.034539402,0.054753002,0.029841,0.073922098,0.222946003,0.256983995,0.268234015,0.276757985,0.080441199,0.028062399,8.988759995,0.799775004,0.660957992,0.424823999,0.448065013,0.444812,0.685051024,0.00177414,0.0311784,4.87568E-05,-0.294488013
175,XT21,663233,2236175,25.42,14.16,16.34,37.65,93.57,0.039236199,0.038699701,0.061373301,0.0406674,0.077022702,0.174687997,0.197981998,0.188443005,0.199835002,0.071660899,0.0310669,4.633780003,0.644998014,0.508653998,0.308907002,0.304019988,0.287268996,0.35679099,0.00120792,0.036812101,0.000101501,-0.202917993
176,XT22,663439,2236229,14.52,11.47,16.13,40.97,83.09,0.037606899,0.040966801,0.064557701,0.044310901,0.074496299,0.123740003,0.135247007,0.156443,0.134565994,0.045414299,0.0209802,3.530580044,0.55855602,0.415769994,0.254070997,0.240024999,0.221992999,0.151048005,0.000851162,0.039150801,0.000126756,-0.185975
